Workbook

Sheet Щоденний облік
A1: Облік виконання завдань мобільними вогневими групами «СТАЯ», «РОМБ», «ДАЧА» за червень 2026 року
A2: Щоденні ураження: БпЛА, FPV-дрони, ждуни (кількість, од.)
A4: № з/п | B4: Дата | C4: День тижня | D4: МВГ «СТАЯ» | H4: МВГ «РОМБ» | L4: МВГ «ДАЧА» | P4: ВСЬОГО по МВГ | T4: Примітки
D5: БпЛА | E5: FPV | F5: Ждуни | G5: Разом | H5: БпЛА | I5: FPV | J5: Ждуни | K5: Разом | L5: БпЛА | M5: FPV | N5: Ждуни | O5: Разом | P5: БпЛА | Q5: FPV | R5: Ждуни | S5: Разом
A6: 1 | B6: 46174 | C6: =CHOOSE(WEEKDAY(B6,2),"Пн","Вт","Ср","Чт","Пт","Сб","Нд") -> Пн | G6: =SUM(D6:F6) -> 0 | K6: =SUM(H6:J6) -> 0 | O6: =SUM(L6:N6) -> 0 | P6: =D6+H6+L6 -> 0 | Q6: =E6+I6+M6 -> 0 | R6: =F6+J6+N6 -> 0 | S6: =SUM(P6:R6) -> 0
A7: 2 | B7: 46175 | C7: =CHOOSE(WEEKDAY(B7,2),"Пн","Вт","Ср","Чт","Пт","Сб","Нд") -> Вт | G7: =SUM(D7:F7) -> 0 | K7: =SUM(H7:J7) -> 0 | O7: =SUM(L7:N7) -> 0 | P7: =D7+H7+L7 -> 0 | Q7: =E7+I7+M7 -> 0 | R7: =F7+J7+N7 -> 0 | S7: =SUM(P7:R7) -> 0
A8: 3 | B8: 46176 | C8: =CHOOSE(WEEKDAY(B8,2),"Пн","Вт","Ср","Чт","Пт","Сб","Нд") -> Ср | G8: =SUM(D8:F8) -> 0 | K8: =SUM(H8:J8) -> 0 | O8: =SUM(L8:N8) -> 0 | P8: =D8+H8+L8 -> 0 | Q8: =E8+I8+M8 -> 0 | R8: =F8+J8+N8 -> 0 | S8: =SUM(P8:R8) -> 0
A9: 4 | B9: 46177 | C9: =CHOOSE(WEEKDAY(B9,2),"Пн","Вт","Ср","Чт","Пт","Сб","Нд") -> Чт | G9: =SUM(D9:F9) -> 0 | K9: =SUM(H9:J9) -> 0 | O9: =SUM(L9:N9) -> 0 | P9: =D9+H9+L9 -> 0 | Q9: =E9+I9+M9 -> 0 | R9: =F9+J9+N9 -> 0 | S9: =SUM(P9:R9) -> 0
A10: 5 | B10: 46178 | C10: =CHOOSE(WEEKDAY(B10,2),"Пн","Вт","Ср","Чт","Пт","Сб","Нд") -> Пт | G10: =SUM(D10:F10) -> 0 | K10: =SUM(H10:J10) -> 0 | O10: =SUM(L10:N10) -> 0 | P10: =D10+H10+L10 -> 0 | Q10: =E10+I10+M10 -> 0 | R10: =F10+J10+N10 -> 0 | S10: =SUM(P10:R10) -> 0
A11: 6 | B11: 46179 | C11: =CHOOSE(WEEKDAY(B11,2),"Пн","Вт","Ср","Чт","Пт","Сб","Нд") -> Сб | G11: =SUM(D11:F11) -> 0 | K11: =SUM(H11:J11) -> 0 | O11: =SUM(L11:N11) -> 0 | P11: =D11+H11+L11 -> 0 | Q11: =E11+I11+M11 -> 0 | R11: =F11+J11+N11 -> 0 | S11: =SUM(P11:R11) -> 0
A12: 7 | B12: 46180 | C12: =CHOOSE(WEEKDAY(B12,2),"Пн","Вт","Ср","Чт","Пт","Сб","Нд") -> Нд | G12: =SUM(D12:F12) -> 0 | K12: =SUM(H12:J12) -> 0 | O12: =SUM(L12:N12) -> 0 | P12: =D12+H12+L12 -> 0 | Q12: =E12+I12+M12 -> 0 | R12: =F12+J12+N12 -> 0 | S12: =SUM(P12:R12) -> 0
A13: 8 | B13: 46181 | C13: =CHOOSE(WEEKDAY(B13,2),"Пн","Вт","Ср","Чт","Пт","Сб","Нд") -> Пн | G13: =SUM(D13:F13) -> 0 | K13: =SUM(H13:J13) -> 0 | O13: =SUM(L13:N13) -> 0 | P13: =D13+H13+L13 -> 0 | Q13: =E13+I13+M13 -> 0 | R13: =F13+J13+N13 -> 0 | S13: =SUM(P13:R13) -> 0
A14: 9 | B14: 46182 | C14: =CHOOSE(WEEKDAY(B14,2),"Пн","Вт","Ср","Чт","Пт","Сб","Нд") -> Вт | G14: =SUM(D14:F14) -> 0 | K14: =SUM(H14:J14) -> 0 | O14: =SUM(L14:N14) -> 0 | P14: =D14+H14+L14 -> 0 | Q14: =E14+I14+M14 -> 0 | R14: =F14+J14+N14 -> 0 | S14: =SUM(P14:R14) -> 0
A15: 10 | B15: 46183 | C15: =CHOOSE(WEEKDAY(B15,2),"Пн","Вт","Ср","Чт","Пт","Сб","Нд") -> Ср | G15: =SUM(D15:F15) -> 0 | K15: =SUM(H15:J15) -> 0 | O15: =SUM(L15:N15) -> 0 | P15: =D15+H15+L15 -> 0 | Q15: =E15+I15+M15 -> 0 | R15: =F15+J15+N15 -> 0 | S15: =SUM(P15:R15) -> 0
A16: 11 | B16: 46184 | C16: =CHOOSE(WEEKDAY(B16,2),"Пн","Вт","Ср","Чт","Пт","Сб","Нд") -> Чт | G16: =SUM(D16:F16) -> 0 | K16: =SUM(H16:J16) -> 0 | O16: =SUM(L16:N16) -> 0 | P16: =D16+H16+L16 -> 0 | Q16: =E16+I16+M16 -> 0 | R16: =F16+J16+N16 -> 0 | S16: =SUM(P16:R16) -> 0
A17: 12 | B17: 46185 | C17: =CHOOSE(WEEKDAY(B17,2),"Пн","Вт","Ср","Чт","Пт","Сб","Нд") -> Пт | G17: =SUM(D17:F17) -> 0 | K17: =SUM(H17:J17) -> 0 | O17: =SUM(L17:N17) -> 0 | P17: =D17+H17+L17 -> 0 | Q17: =E17+I17+M17 -> 0 | R17: =F17+J17+N17 -> 0 | S17: =SUM(P17:R17) -> 0
... A35: 30 | B35: 46203 | C35: =CHOOSE(WEEKDAY(B35,2),"Пн","Вт","Ср","Чт","Пт","Сб","Нд") -> Вт | G35: =SUM(D35:F35) -> 0 | K35: =SUM(H35:J35) -> 0 | O35: =SUM(L35:N35) -> 0 | P35: =D35+H35+L35 -> 0 | Q35: =E35+I35+M35 -> 0 | R35: =F35+J35+N35 -> 0 | S35: =SUM(P35:R35) -> 0
A36: Всього за червень | D36: =SUM(D6:D35) -> 0 | E36: =SUM(E6:E35) -> 0 | F36: =SUM(F6:F35) -> 0 | G36: =SUM(G6:G35) -> 0 | H36: =SUM(H6:H35) -> 0 | I36: =SUM(I6:I35) -> 0 | J36: =SUM(J6:J35) -> 0 | K36: =SUM(K6:K35) -> 0 | ... S36: =SUM(S6:S35) -> 0
A37: Середнє за добу | D37: =D36/COUNT($B$6:$B$35) -> 0 | E37: =E36/COUNT($B$6:$B$35) -> 0 | F37: =F36/COUNT($B$6:$B$35) -> 0 | G37: =G36/COUNT($B$6:$B$35) -> 0 | H37: =H36/COUNT($B$6:$B$35) -> 0 | I37: =I36/COUNT($B$6:$B$35) -> 0 | J37: =J36/COUNT($B$6:$B$35) -> 0 | K37: =K36/COUNT($B$6:$B$35) -> 0 | ... S37: =S36/COUNT($B$6:$B$35) -> 0
A38: Максимум за добу | D38: =MAX(D6:D35) -> 0 | E38: =MAX(E6:E35) -> 0 | F38: =MAX(F6:F35) -> 0 | G38: =MAX(G6:G35) -> 0 | H38: =MAX(H6:H35) -> 0 | I38: =MAX(I6:I35) -> 0 | J38: =MAX(J6:J35) -> 0 | K38: =MAX(K6:K35) -> 0 | ... S38: =MAX(S6:S35) -> 0
A40: Порядок заповнення:
A41: 1. Жовті клітинки (сині цифри) — вносити кількість уражень за добу по кожній МВГ: БпЛА, FPV, ждуни. Порожня клітинка = 0.
A42: 2. Стовпці «Разом», блок «ВСЬОГО по МВГ», рядки підсумків і аркуш «Підсумок» розраховуються автоматично — не редагувати.
A43: 3. Для додаткової інформації (тип цілі, район, засоби ураження тощо) використовуйте стовпець «Примітки».
A44: Приклад заповнення рядка (умовні цифри, у підсумках не враховується):
A45: — | B45: дд.мм.рррр | C45: — | D45: 2 | E45: 5 | F45: 1 | G45: =SUM(D45:F45) -> 8 | H45: 1 | I45: 3 | J45: 0 | K45: =SUM(H45:J45) -> 4 | L45: 0 | M45: 4 | N45: 2 | O45: =SUM(L45:N45) -> 6 | P45: =D45+H45+L45 -> 3 | Q45: =E45+I45+M45 -> 12 | R45: =F45+J45+N45 -> 3 | S45: =SUM(P45:R45) -> 18 | T45: напр.: 2 FPV уражено в районі …
A48: Склав: ____________________________ ____________ «____» ____________ 2026 р.

Sheet Підсумок
A1: Підсумок виконання завдань МВГ «СТАЯ», «РОМБ», «ДАЧА» за червень 2026 року
A3: Мобільна вогнева група | B3: БпЛА | C3: FPV | D3: Ждуни | E3: Разом | F3: Частка від загальної к-сті | G3: Днів з ураженнями | H3: Середнє за добу | I3: Максимум за добу | J3: Найрезультативніша доба
A4: МВГ «СТАЯ» | B4: ='Щоденний облік'!D36 -> 0 | C4: ='Щоденний облік'!E36 -> 0 | D4: ='Щоденний облік'!F36 -> 0 | E4: ='Щоденний облік'!G36 -> 0 | F4: =IF($E$7=0,0,E4/$E$7) -> 0 | G4: =COUNTIF('Щоденний облік'!$G$6:$G$35,">0") -> 0 | H4: =E4/COUNT('Щоденний облік'!$B$6:$B$35) -> 0 | I4: =MAX('Щоденний облік'!$G$6:$G$35) -> 0 | J4: =IF(I4=0,"—",INDEX('Щоденний облік'!$B$6:$B$35,MATCH(I4,'Щоденний облік'!$G$6:$G$35,0))) -> —
A5: МВГ «РОМБ» | B5: ='Щоденний облік'!H36 -> 0 | C5: ='Щоденний облік'!I36 -> 0 | D5: ='Щоденний облік'!J36 -> 0 | E5: ='Щоденний облік'!K36 -> 0 | F5: =IF($E$7=0,0,E5/$E$7) -> 0 | G5: =COUNTIF('Щоденний облік'!$K$6:$K$35,">0") -> 0 | H5: =E5/COUNT('Щоденний облік'!$B$6:$B$35) -> 0 | I5: =MAX('Щоденний облік'!$K$6:$K$35) -> 0 | J5: =IF(I5=0,"—",INDEX('Щоденний облік'!$B$6:$B$35,MATCH(I5,'Щоденний облік'!$K$6:$K$35,0))) -> —
A6: МВГ «ДАЧА» | B6: ='Щоденний облік'!L36 -> 0 | C6: ='Щоденний облік'!M36 -> 0 | D6: ='Щоденний облік'!N36 -> 0 | E6: ='Щоденний облік'!O36 -> 0 | F6: =IF($E$7=0,0,E6/$E$7) -> 0 | G6: =COUNTIF('Щоденний облік'!$O$6:$O$35,">0") -> 0 | H6: =E6/COUNT('Щоденний облік'!$B$6:$B$35) -> 0 | I6: =MAX('Щоденний облік'!$O$6:$O$35) -> 0 | J6: =IF(I6=0,"—",INDEX('Щоденний облік'!$B$6:$B$35,MATCH(I6,'Щоденний облік'!$O$6:$O$35,0))) -> —
A7: ВСЬОГО по МВГ | B7: ='Щоденний облік'!P36 -> 0 | C7: ='Щоденний облік'!Q36 -> 0 | D7: ='Щоденний облік'!R36 -> 0 | E7: ='Щоденний облік'!S36 -> 0 | F7: =IF($E$7=0,0,E7/$E$7) -> 0 | G7: =COUNTIF('Щоденний облік'!$S$6:$S$35,">0") -> 0 | H7: =E7/COUNT('Щоденний облік'!$B$6:$B$35) -> 0 | I7: =MAX('Щоденний облік'!$S$6:$S$35) -> 0 | J7: =IF(I7=0,"—",INDEX('Щоденний облік'!$B$6:$B$35,MATCH(I7,'Щоденний облік'!$S$6:$S$35,0))) -> —
A9: Розподіл уражень за декадами (разом по всіх типах цілей)
A10: Мобільна вогнева група | B10: І декада 01–10.06 | C10: ІІ декада 11–20.06 | D10: ІІІ декада 21–30.06 | E10: Разом
A11: МВГ «СТАЯ» | B11: =SUM('Щоденний облік'!G6:G15) -> 0 | C11: =SUM('Щоденний облік'!G16:G25) -> 0 | D11: =SUM('Щоденний облік'!G26:G35) -> 0 | E11: =SUM(B11:D11) -> 0
A12: МВГ «РОМБ» | B12: =SUM('Щоденний облік'!K6:K15) -> 0 | C12: =SUM('Щоденний облік'!K16:K25) -> 0 | D12: =SUM('Щоденний облік'!K26:K35) -> 0 | E12: =SUM(B12:D12) -> 0
A13: МВГ «ДАЧА» | B13: =SUM('Щоденний облік'!O6:O15) -> 0 | C13: =SUM('Щоденний облік'!O16:O25) -> 0 | D13: =SUM('Щоденний облік'!O26:O35) -> 0 | E13: =SUM(B13:D13) -> 0
A14: ВСЬОГО по МВГ | B14: =SUM('Щоденний облік'!S6:S15) -> 0 | C14: =SUM('Щоденний облік'!S16:S25) -> 0 | D14: =SUM('Щоденний облік'!S26:S35) -> 0 | E14: =SUM(B14:D14) -> 0
A16: Усі значення на цьому аркуші розраховуються автоматично з аркуша «Щоденний облік».
